Job title, Job description, Company, Primary Location, Required Skills
Senior Data Scientist, Work directly with our C-level team and our software developers to devise plans for turning maritime data (brought in through the Voyager platform and from outside sources) into valuable insights and recommendations for our clients; Source ~  ingest ~  clean ~  and store heterogeneous data sources; Perform preliminary descriptive analyses; Build predictive models; Oversee the deployment ~  monitoring ~  and maintenance of these predictive models on the Voyager platform; Interact cross-functionally ~  making business recommendations (e.g. ~  cost-benefit ~  forecasting ~  experiment analysis) with effective presentations of findings at multiple levels of stakeholders (internal and external) through visual displays of quantitative informatioN; Work with Voyager software team to integrate these models into the web-based portal, Voyager, Miami | FL, Strong Python software engineering skills ~  experience with deployment of machine learning models on AWS ~  familiarity with Jupyter notebooks ~  a strong grasp of statistics ~  and experience with supervised and unsupervised machine learning methods; Knowledge of the shipping industry or commodities ~  experience with ML DevOps tools ~  and experience with logistical optimization problems are a major pluses; English proficiency at least FLUENT level is a necessity.
Sr Data Scientist, Create and improve various forecasting models (audience ~  reach & frequency ~  inventory ~  demand ~  etc.); Create and improve various optimization schemes (proposals ~  cross screen planning ~  etc.); Collaborate with teams throughout Ampersand to help rationalize and optimize the business and identify opportunities for further growth; Evaluate internal and external data sets for model and process improvement Design experiments to test hypotheses ~  measure the results ~  and find ways to improve outcomes., Ampersand, New York | NY, Ability to communicate and collaborate with stakeholders across Ampersand and to present clear oral and written arguments; Degree in quantitative field like math ~  statistics ~  operations research ~  economics ~  or physics; Advanced degree or equivalent experience preferred 4+ years of experience as a data scientist; Advanced knowledge of one or more of these: Modern statistical methods Machine learning Bayesian methods (preferable) Fluency in Python or R Solid SQL abilities Experience using version control (git) ~  interactive computing ~  data visualization libraries ~  e.g. Jupyter ~  matplotlib ~  ggplot2
Sr Data Engineer, Design and build our data pipeline; Assemble ~  combine and transform large multiple complex data sets; Build analytics tools using the data pipeline to provide actionable insights to end users; Design ~  build ~  and maintain efficient ~  reusable ~  and reliable code; Identify bottlenecks and bugs ~  and devise solutions to mitigate and address these issues; Help maintain code quality ~  organization ~  and automatization., Ampersand, New York | NY, Experience building and optimizing ‘big data’ data pipelines ~  architectures ~  data sets and tools (Hadoop ~  Spark ~  Presto ~  etc.); Advanced SQL knowledge and experience working with relational databases; Strong knowledge and experience working with AWS eco-system; Skill for writing reusable code; Familiar with various design and architectural patterns; Knack for writing clean ~  readable ~  and easily maintainable code; Experience implementing automated testing platforms and unit tests; Proficient understanding of code versioning tools such as GIT ~  SVN ~  VSTS
Freelance Data Scientist for an Award-Winning Music Software Company, Examine the "Meta-Data" dataset with 3000 rows and 380 columns containing Floating-point values ~  for example: "ABC": 0.001 ~  0.001 ~  0.001 ~  0.9990 ~  ....; Look at the "Training" dataset where human trainers wrote that the combination of Row #2 from the "Meta-Data" dataset and the Row #2950 from the "Meta-Data" dataset have a lot in common ~  and human-labelled the combination a "5" on a 1 to 5 similarity scale. This is the value we're trying to predict. The size of the training data is small (low thousands) ~  but can be increased if needed; Use the Training dataset to train your own model that predicts the value on a scale of 1 to 5; Create a tool that can take any 2 random rows from the original Meta-Data dataset and predict their value when combined together; Run a simulation of performing the prediction 100 ~ 000 times and generate a histogram showing the distribution of 1 ~  2 ~  3 ~  4 ~  and 5 values. Show us how long it took you to run the 100 ~ 000 prediction simulation., Mixed In Key, Remote, Expert knowledge and hands-on past experience with Machine Learning ~  TensorFlow ~  Keras ~  Image Classification ~  SVMs ~  etc.
Data Ambassador (f/m), You are responsible for integrated analyses of big Data ~  and derive strategies based on that; You create presentations for artist meetings and inter-departmental meetings; You work closely with artist marketing ~  A&R ~  digital media as well as with artists and artist managements; You collaborate closely with the central Data Teams; Through Data analyses you support the strategy creation and the positioning of our artists; You adapt international Best Practice cases and implement them on the Austrian market; You create Dashboards and lead the formatting and visualization of data-related findings in presentations., Universal Music GmbH, Los Angeles | CA, Fully qualified in (Economic) Mathematics ~  Statistics ~  Computer Science or other studies related to quantitative methods; Experience in Data Management; Expert in Microsoft Office & SQL; Experience with Google’s BigQuery; Knowledge of analytic/statistic language (R ~  Python ~  etc.) are favourable; Strong analytical and strategic skills; Experience with Data Visualisation Tools like Tableau ~  Google Data Studio is an advantage; Strong presentation and communication skills; Digital Native; Strong interest in Music ~  Technologies and new trends.
Principal Computer Vision Engineer, Conduct applied research in computer vision and machine learning; Develop ~  enhance and support software/hardware platforms for automated image/video processing ~  exploitation and understanding; Interact with sponsors ~  customers and users to understand needs and requirements; Assist in preparation of proposal and reporting materials., Equinox Corporation, Baltimore | MD, Master’s degree in Computer Science ~  Electrical Engineering ~  or related field; Significant research experience in computer vision. Emphasis on object tracking and recognition preferred; Significant practical experience in machine learning using Python scientific computing and modern machine learning frameworks: numpy ~  scikit ~  scipy ~  Tensorflow ~  Keras ~  etc; Willingness to apply for a Department of Defense Secret Clearance. Requirements include US citizenship; Excellent ability to communicate complex technical concepts by spoken and written means.
Data Scientist, Performs hands-on data analysis and modeling with large data sets to develop insights into different aspects of customer acquisition campaigns and customer behavior; Connects ~  analyzes ~  and develops insights from disparate data points (for example ~  data points found inside of specific ad channels ~  Google or Heap Analytics ~  internal databases) in ways that grow our ability to acquire customers;Defines and builds tools and processes to monitor key metrics; Collaborate with other stakeholders to develop models of customer behavior; Work with Sales and Customer Acquisition teams to identify key opportunities for user engagement ~  conversions ~  and sales; Work with cross-functional teams to identify analytics opportunities ~  communicate data driven insights ~  turn insights into actionable business processes and product/service offerings ~  and ultimately ~  improve customer acquisition ~  retention ~  and loyalty; Uses data to identify opportunities to improve our customer acquisition campaigns performance; Works with the data and engineering teams to create customer behavior and acquisition data models; Utilizes R ~  Python ~  or equivalent technologies to perform complex statistical analyses on both internal and external data; Utilizes structured and unstructured data stored on platforms and types such as Redshift ~  AuroraDB ~  Data Lakes ~  DynamoDB to complete analyses and models; Other duties as assigned., HealthCare.com, New York | NY, Minimum of Master’s degree in analytics ~  data science ~  or related. PhD preferred; Experience in applied data science or related; Experience buying online media at scale (budgets of $5M+ per month) and/or experience working in organizations with e-commerce or marketplace business models; Track record of supporting the growth of online customer acquisition campaigns; Strong business acumen; Demonstrated history of delivering action-oriented insights to business leaders that led to significant growth; Ability to connect pieces of our business; Coding ability to build prototype data models; Proven experience working with large data sets and machine learning applications in production; Experience working with CI/CD pipelines and using them to put ML models in production.
Senior Data Scientist, Helping the machine learning engineers build models to identify fishing vessels from satellite and optical imagery -- experience with remote sensing ~  and especially synthetic aperture radar -- is helpful; Combining vessel detections from imagery with vessel GPS detections to identify vessels that are not broadcasting their locations - Developing models to estimate pollution from ocean going vessels ~  including noise pollution; Using vessel behavior to identify vessels that have an elevated risk of using forced labor or engaging in other illegal activity - Combining vessel tracking data with animal telemetry data (gps devices that have been attached to sharks and - tunas) to build models to identify the likely catch and bycatch of ocean going vessels; Collaborating with the GFW engineering team to automate models; Engaging with GFW Research Partners to develop these models and publish peer reviewed papers (the GFW Research Program has produced more than 20 academic papers ~  including many published at top journals); Write blogs and present public visualizations, Global Fishing Watch, Farmington | ME, Demonstrated skills with Python or R ~  with preference for Python; Strong SQL skills; Strong mathematical capabilities; Demonstrated abilities to understand and interpret large datasets ~  including strong statistical understanding.
Data Service Engineer and Systems Engineer, Manage ~  maintain and evolve the data access functions and software systems for operational satellite missions such as Meteosat and the EUMETSAT Polar System ~  including monitoring performances and resolving anomalies; Provide hands-on expertise and support to the operations teams responsible for the exploitation of mission-specific data access functions and software systems; Plan ~  implement and test mid-term evolutions of mission-specific data access functions and software systems in response to evolving context and requirements from the operations teams and end-users ~  based on innovative ~  synergistic and cost efficient solutions achieving high service levels; Lead the engineering for the mid-term evolutions of the mission-specific data access functions and software systems and their development and integration into/with multi-mission cloud-based data services; Ensure adherence to the EUMETSAT processes and standards for the development ~  test ~  deployment and maintenance of operational software systems; Support the procurement of industrial support and services required to perform the above tasks; Follow-up the software design ~  development and testing performed by external suppliers ~  including acceptance of deliveries ~  and manage all other technical aspects of contracts., EUMETSAT, Columbus | OH, Software Development or System Engineering Background; • Proven experience in the specification ~  development ~  verification ~  validation and maintenance of operational software systems and services ~  preferably for data access and distribution software systems; Applied knowledge of formal system & service development ~  verification and validation standards using C/C++ ~  java ~  scripting ~  web services in a Unix/Linux environment ~  based on recognised standards and best practices (e.g. ITIL); Experience of high availability (HA) design concepts and/or cloud technologies would be an advantage; Excellent organisational ~  communication and presentation skills ~  pro-active attitude; Ability to work autonomously with a minimum of supervision under high workloads.
Machine Learning Engineers, Expand the group’s efforts applying machine learning to drug discovery ~  biomolecular simulation ~  and biophysics., D. E. Shaw Research, New York | NY, Ideal candidates will have demonstrated expertise in developing deep learning techniques ~  as well as strong Python programming skills. Relevant areas of experience might include molecular dynamics ~  structural biology ~  medicinal chemistry ~  cheminformatics ~  and/or quantum chemistry ~  but specific knowledge of any of these areas is less critical than outstanding intellectual ability and a track record of achievement and innovation in the field of machine learning.
Data Science Manager (Sr.Data Scientist), Conducting transaction data analysis with Hadoop/Cloud and big data technologies for internal and external clients and stakeholders ~  and develop deeper insights into the products using advanced statistical methods; Finding opportunities to create and automate repeatable analyses or build streamlined solutions for internal and external Visa clients; Performing impact estimation of key strategic and marketing Visa activities using analytics techniques; Promoting usage of BI self-service tools in Moscow office; Creating user-friendly dashboards and presentations; Building predictive models using advanced machine learning techniques; interpret and present modeling and analytical results to non-technical audience; Collaborating with the Visa Consulting team and other requestors to fully understand business requirements and desired business outcomes; Defining detailed analytic scope and methodology ~  and creating analytic plan; Executing on the analytic plan with appropriate data mining and analytic techniques; Performing QA on data and deliverables by analysts and own deliverables; Ensuring all project documentation is up to date and all projects are reviewed per analytic plan; Ensuring project delivery within timelines; Building on team’s analytical skills and business knowledge; Enhancing existing analytic techniques by promoting new methodology and best practices in analytics field; Providing subject matter expertise and quality assurance of complex data driven analytic projects., Visa, Seattle | WA, Proficiency with modeling software; experience with Python ~  Hadoop ~  Hive ~  Impala or similar instruments; Practical experience in building and applying machine learning models (regression ~  clustering ~  classification: gradient boosting ~  random forests ~  linear models ~  deep learning etc.); Understanding in how do these algorithms work and end-to-end development skills from business understanding and data preparation to quality assurance of ML models; Minimum of 5 years of analytical expertise in applying statistical solutions to business problems (experience in payments and/or consumer banking and/or commercial banking and/or FMCG retail and/or consulting and/or heavy industry; Strong in defining and designing analytic approaches to business problems ~  strong in decomposing heavy business problems into structured and time predictable analytical tasks; Excellent communication skills in both spoken and written English.
Director ~  Data Science (Datalab), Lead strategic work-stream ~  aimed at enriching and monetizing our VisaNet and partner data by developing edge-cutting innovative solutions and testing multiple hypothesis; Manage projects from conception to completion with the help of junior team members; Lead tasks on R&D ~  data governance ~  system infrastructure ~  analytics tool evaluation; Help us staying at the forefront of technical advancement in data science and introducing cutting edge tools and techniques for generating business insights; Provide thought leadership in analytic techniques and business applications to unlock the value of Visa’s and client’s unique datasets; Continuously develop and present innovative ideas based on data driven approach in order to improve current business practices within Visa; Coach and educate other team members on data analysis techniques and Visa processes; Constantly improve Visa external image as data driven innovative by participation in and organization of external workshops and meet-ups; Vendor onboarding and resource management., Visa, Durham | NC, Minimum of 7 years of analytical expertise in applying statistical solutions to business problems (experience in payments and/or consumer banking and/or commercial banking is a must); Hands on experience with — Hive ~  SQL ~  Python ~  Hadoop ~  Spark; Practical experience in building and applying machine learning models (regression ~  clustering ~  classification: gradient boosting ~  random forests ~  linear models ~  deep learning etc.); Understanding in how do these algorithms work and end-to-end development skills from business understanding and data preparation to quality assurance of ML model; Strong presentation skills including verbal and graphical communication; ability to clearly communicate the meaning of analytical concepts ~  analyses and results; Demonstrated resource management and delivery skills ~  experience in team improvement ~  guidance and coaching junior team members; Strong in defining and designing analytic approaches to business problems; Excellent communication skills in both spoken and written English.
Data Scientist ~  Senior, Develop innovative ideas and methods for using analytics ~  machine learning ~  and AI for healthcare software and service solutions; Creating experimental frameworks for product development and machine learning with the aim to lay a strong data foundation for robust analytics; Research and develop statistical learning models and algorithms for data analysis; Collaborate with product management and development departments to understand company needs and devise possible solutions within our products; Implement new statistical or mathematical methodologies as needed for specific models or analysis; Optimize joint development efforts through appropriate database use and project design; Assess the effectiveness and accuracy of new data sources and data gathering techniques; Develop custom data models and algorithms to apply to data sets; Use predictive modeling to optimize user experiences ~  improve revenue generation ~  and improve patient outcomes., DSS ~  INC, North Palm Beach | FL, Minimum of 7 years of experience in a comparable position. Healthcare experience preferred. Strong problem-solving skills with an emphasis on product development; Experience using statistical computer languages (R ~  Python ~  SQL ~  Perl ~  etc.) to manipulate data and draw insights from large data sets; Experience working with and creating data architectures; Knowledge of a variety of machine learning techniques (clustering ~  decision tree learning ~  artificial neural networks ~  etc.) and their real-world advantages/drawbacks; Knowledge of advanced statistical techniques and concepts (regression ~  properties of distributions ~  statistical tests and proper usage ~  etc.) and experience with applications; Excellent written and verbal communication skills for coordinating across teams; A drive to learn and master new technologies and techniques; Experience with Business Intelligence Tools such as Power BI ~  Tableau or Sisense; Extensive background in database programming ~  data mining and statistical analysis. Able to understand various data structures and common methods in data transformation; Excellent pattern recognition and predictive modeling skills. Possess technical competencies including statistics and machine learning ~  coding languages ~  databases ~  and reporting technologies.
Copernicus Data Processing Operations Engineer, Coordinate and support operations of the Copernicus payload data processing and product extraction systems delivering Level 0 to Level 2 products ~  including backlog-processing ~  anomaly reporting and investigations of anomalies; Support the preparation and maintenance of the operational documentation (operations guides ~  operations interface control documents ~  operations procedures) for the Copernicus data processing systems; Contribute to the performance monitoring and analysis of Copernicus data processing services ~  including the development of tools for monitoring the quality of products and for the production of Key Performance Indicators; Support the medium- and long-term operations planning for Copernicus data processing and product extraction systems; Support training activities related to Copernicus data processing; Contribute to the further development of EUMETSAT Copernicus payload data processing systems including the definition of operational requirements ~  validation of upgrades ~  the assessment of deliveries ~  and contribute to verification activities; Support the operations preparations and commissioning activities for new Sentinel missions exploited by EUMETSAT (e.g. Sentinel 3-C/D ~  Sentinel-6B ~  CO2M)., EUMETSAT, San Francisco | CA, Proven experience in the operations of complex data processing and/or product processing systems ~  and experience of development ~  verification and validation of such systems; Significant experience in the real or near real-time acquisition and/or processing of data from space-borne imaging and/or sounding instruments; Ability to work effectively under pressure ~  and with a minimum of supervision; Strong communication ~  interpersonal and team working skills; Ability to write concise and focused technical reports; Very good analytical and problem-solving skills; Familiarity with UNIX / LINUX. Experience in the following areas would be an advantage: - Scripting languages (i.e. Python ~  bash ~  PERL). - C / C++ ~  Oracle; - Consultative Committee for Space Data Systems (CCSDS) formats; - Specification ~  development ~  and validation of algorithms for meteorological or other remote sensing missions; The holder of this post will support 24/7 operations and is therefore required to provide 24 hours a day on-call support including during weekends and public holidays on a regular basis.
Hosted Processing Services Coordinator, Specify and evolve a hosted processing service offering and coordinate management approval; Conceptually develop ~  with a wide network of partners ~  Collaborative Processing Environments in several fields of thematic application of Earth Observation data ~  Numerical Weather Prediction data ~  etc.; Coordinate and ~  with first- and second-level support resources ~  assist user on-boarding to the hosted processing in relevant cloud environments of EUMETSAT and partners; Coordinate the availability and provisioning of relevant input datasets on the systems identified in the use cases; Report on system performance ~  usage and the fulfilment of relevant SLA’s and KPI's., EUMETSAT, Remote, Experience in Meteorological e.g. Nowcasting / Oceanographic or related applications development; Proven experience as a stakeholder in a Data/IT-Applications/User environment; In-depth knowledge of Linux; Experience with cloud-computing; Ability to translate user requests into system requirements; Outstanding problem-solving skills.
Diagnostics Software Engineer, Develops new diagnostics from hardware specifications and modifies existing 32-bit operating system diagnostic software as directed using C ~  C++ and occasionally assembly programming languages; Develops manufacturing software and test software for production lines; Acts as an internal consultant for various cross functional teams (CFT) within Equinox ~  including technology and business groups and help them translate different product design needs to manufacturing software features; Develops QT/C++ based software tools in Linux platform that acts as shop floor control system; Designs visualization tools in QT for manufacturing database; Works very closely with database architect. Translate manufacturing needs to database requirements; Participates in DFM and DMR reviews and providing feedback to engineering ~  network ~  and manufacturing teams; Guides factories through new changes to the device software by creating and approving ECR and ECO in configuration management system; Provides build reports from the manufacturing database; Writes and uses unit test applications to validate newly developed code; Manage documentation like user guides ~  test instructions ~  and test specifications., Equinox, Scottsdale | AZ, Capable of following engineering policies; In-depth knowledge of Embedded Real Time Operating Systems (RTOS) programming in C/C++ languages; Low level asynchronous and synchronous serial communications protocols; Embedded tools such as JTAG / ICE debuggers as well as cross compiler suites; Linux / Embedded Linux; QT Cross Platform Suite; Bash Scripting; PostgreSQL.
Senior Jira Engineer, Delivering Atlassian expertise and skills; Partner closely with the Systems and Development teams to align on solution planning and project delivery ~  including managing project / program timelines ~  project scope., AmeriHome Mortgage, Westlake Village | CA, At least 5 years of professional experience in technical roles ~  with 2 years of experience administering at least one instance of JIRA; At least 50% of your work time spent administering or managing Atlassian applications for at least 2 years; We're looking for someone familiar with integrations with non-Atlassian tools such as (Power Scripts ~  Microsoft SQL Server ~  G Suite ~  Active Directory).
Software Project Manager, Manage project details ~  schedules ~  client communications ~  development tasks ~  and documentation for web based .Net applications; Assist in ongoing efforts to improve and streamline a quality focused software management process; Create technical design documents and other project documentation; Manage details for multiple long-term software projects; Contribute to the ongoing creation of a quality focused project management process; Manage tasks and sprints for a team of 5 developers., Efficiency Lab, Asheville | NC, Must have 3+ years experience managing software projects; Must be able to understand technical details related to engineering software applications; Must have experience managing software projects using an Agile methodology; Experience with engineering ~  manufacturing and scientific projects is desired; Experience with Atlassian project management tools is desired (Jira & Confluence).
Database Engineer, Relentless focus on system availability and performance ~  putting key monitoring and alerting systems in place and generating key learning from even the smallest of issues; Architect systems for high availability ~  with constant attention to Recovery Point and Recovery Time Objectives; Perform daily system monitoring for database integrity ~  scheduled jobs ~  backups ~  and system logs; Partner with developers to create efficient database designs (data types ~  stored procedures ~  views ~  functions); Create and execute a cloud migration strategy to move on-premises systems to the cloud; Continuously monitor infrastructure costs to optimize for spend; Adopt Continuous Integration and Delivery processes to automatically build ~  test ~  and deploy code; Create an environment where security is a top priority. In addition to responding to security audit findings ~  help the team “shift left” and integrate security earlier in the software development lifecycle; Key contributor to a technology roadmap; Provide mentoring and identify training opportunities to team members ~  staying current in the latest technologies and best practices., Signant Health, Blue Bell | PA, Expert in Microsoft SQL Server ~  with at least 5 years experience as a Database Engineer or DBA; Strong experience in high availability database design and architecture; Experience migrating to and managing cloud database technology (Azure SQL or Amazon RDS); Experience in a modern software development environment that is Agile and incorporates DevOps practices; Data Warehousing and Business Intelligence; Artificial Intelligence ~  Machine Learning ~  Data Mining; BI Tools like PowerBI ~  Tableau ~  Qlik; CI/CD processes and tools like Jenkins; Strong foundation in security ~  having executed security audits and remediating findings; BS degree in Computer Science or related discipline.
Jira and Confluence Expert, Driving your own projects ~  from design through planning to execution. Also work with teams across Amazon on cross-team initiatives; Planning and coordinating feature improvements and upgrades around services; Improving the user experience around services; Analyzing and improving availability ~  efficiency ~  capacity ~  scalability ~  security and performance of our services; Representing Systems Operations while working with internal teams and external partners; Troubleshooting and resolving problems with production systems as part of our on-call rotation; Developing and maintaining operations tools., Amazon.com Services LLC, Sunnyvale | CA, Master's degree; Excellent customer service ~  communication ~  documentation ~  work prioritization and analytical skills; Carving out requirements around ambiguous projects; Ability and willingness to go above and beyond one’s comfort zone when it comes to learning about other infrastructure services to help integrate and improve them; Tuning applications for performance; Energy and passion to invent and create new solutions ~  challenge the status quo and drive positive change.
Frontend Engineer, Work directly with product managers ~  designers and developers on features for the Trello web application; Proactively optimize client code to ensure stability and high performance; Iterate quickly based on user feedback., Atlassian, New York | NY, You could be working at any level of the stack ~  but you’re passionate about front-end development; You have in-depth experience with a framework like AngularJS ~  Backbone.js (our current framework) or React (what we’re moving to); You have enough back-end experience to jump over to the server to unblock yourself (we use node.js); You’re passionate about understanding user problems and working with a team to ship and iterate on great solutions; You strive to write code that lasts for years ~  not months; You have a diverse technical background. You’re a developer ~  not just a front-end developer; You know the difference between ECMAScript and JavaScript ~  and are proud (or slightly ashamed) of it; You can tweak CSS ~  but you prefer profiling ~  analyzing heap snapshots ~  and refactoring code into modular chunks; You have an excellent command of written and spoken English.
Field Application Engineer, Creation of the initial configuration of prototypes for Customer-specific projects; Composition of Quick Start Guides and Application Notes; Provide technical trainings and assistance to Customers and Sales Team; Deliver Design-In Support to Customers alongside with Product Management and Sales; Definition of cable assemblies incl. creation of cable drawings for off-site production; Assist Customers with After-Sales Support Configuration and assembly of Demo Units and Sample Kits for the Sales Team and Trade Shows., DATA MODUL, Hauppauge | NY, Minimum of 3 years of Engineering experience; Solid and fluent English language skills; Basic skills in Microsoft® Windows and Linux Operating Systems; Comfortable and efficient in the use of Microsoft® Office ~  i.e. Outlook ~  Word ~  Excel & PowerPoint.
IT Support Engineer, Provide ongoing support and education for our users: answer questions ~  diagnose and troubleshoot problems ~  and train our users; Be an IT ambassador and provide a best-in-class support experience; Maintain and support Zoom Rooms and A/V hardware; provide technical A/V support for events; Maintain IT asset management of our hardware and software; Onboard new employees and orient them with Flatiron's systems ~  applications ~  and IT policies; Update and add to help documentation for internal team use and employee use; Participate in our rotating on-call support schedule; Complete project-based work that contributes to our team's objectives., Flatiron Health, New York | NY, You have experience in an enterprise IT environment ~  supporting and administering SaaS applications. We use many ~  including GSuite ~  Zendesk ~  Egnyte ~  Jira and Confluence ~  and LastPass; You have used Bettercloud to automate simple SaaS administrative tasks; You have experience managing policies ~  packages ~  and OS deployment using JAMF and/or SCCM; Extensive Zoom Room configuration and maintenance experience; You understand network protocols and services (TCP ~  UDP ~  TCP/IP ~  DNS ~  DHCP) and can troubleshoot our employee's network issues; You are customer service driven and practice empathy while supporting employees; You don't follow the same recipe all the time and you challenge the status quo. You don't settle for the "have you restarted your computer" fix; you strive to understand the root cause of an issue; You build relationships and trust with your peers and our employees. You can work on projects with your team or cross-functionally ~  and you are not afraid to get your hands dirty; You have a growth mindset; you are curious and want to learn. You endeavor to be a mentor and help develop your peers.
Quality Assurance Engineer, Review testcases with the territory (US Market) expertise and be able to use your own initiative to add value to the current test pack for testing the applications to the core that are being built by off-shore team; Understand the proposition and use your expertise in coming up with ‘out of the box’ scenarios using the current territory (US Market) knowledge; Create and perform standard release regression test verification (per platform) to confirm successful code deployments and mobile store submissions; Be able to repeat the test packs manually across the whole suite of OTT devices in scope; Participate in daily scrum calls with remote teams to support issues’ triage process and understand prioritization of work assignments; Manage the creation ~  updates and status of issues detected during the test execution phase; Manage the retest ~  updates and status of issues reported by other project stakeholders; Report Test execution status to Test Managers ~  Project Managers and Release Managers to ensure that all project deliverables are appropriately verified and approved for both distribution for owner verification and for final code deployment/ submission; Cover both E2E & UAT Testing from a customer’s perspective., NBCUniversal, New York | NY, Minimum two (2) years’ Quality Assurance process and Quality Assurance management tool experience; Minimum five (5) years’ of website support and web applications experience; Minimum two (2) years’ in software test automation in a continuous integration and continuous deployment environment; Familiarity with agile development methodologies and full software development lifecycle ~  especially with web ~  mobile ~  connected device and OTT applications; Familiarity with current popular Connected Device/OTT (tvOS/Apple TV ~  Roku ~  Fire TV ~  Android TV ~  Xbox One ~  PS4 ~  etc.); Familiarity with applications supporting video/media playback; Experience with building test plans and coordinating QA/UAT with functional teams; Ability to adapt/adopt new technology and solutions easily; Good understanding of networking ~  SSL ~  firewalls ~  Akamai; Experience with Charles proxy ~  Splunk or similar logging tools; Experience with Jira ~  Slack ~  Confluence collaboration tools; Experience with TestRails ~  Quality Center or similar test case management tools; Hands on experience with set-top box automation such as Witbe or FalconEye.
Backend Engineer, Add and support new features in Trello that will ship to over 50 million users; Work with Product Managers ~  Designers ~  and other Developers to refine feature design and functionality; We use the following technologies on the back-end team at Trello: JavaScript / CoffeeScript ~  Node.js ~  Mongo ~  - Redis.; Experience in these particular technologies isn’t a requirement for applying ~  but you’ll be using them daily., Atlassian, New York | NY, You have experience improving large scale web applications; You prefer to focus on server work with occasional full-stack tasks; You have a passion for making features that are quick ~  useful ~  and easy to use; You strive to master any technology ~  language ~  or development environment that is needed or useful; You’re a fast learner ~  can contribute from day one ~  and can bring good opinions to the table; You have an excellent command of written and spoken English ~  and communicate about what you're doing with your coworkers.
Scrum Master, Organizes newly formed or changing product development teams. Onboards and trains new team members on the agile mindset ~  frameworks ~  processes and frameworks; Introduces and encourages the team to explore healthy Agile development practices ~  focusing on quality and technical excellence ~  predictable delivery ~  automation ~  and continuous delivery; Partners closely with product managers and the team to encourage a balanced backlog that delivers valuable features for customers ~  reduces technical debt ~  provides business value ~  and enables product sustainability; Organizes and improves agile/scrum practices and values ~  increasing productivity and overall team satisfaction. Assesses the scrum maturity of the team and coaches team members to higher levels of maturity at a pace that is sustainable and comfortable for the team while removing impediments or coaching the team to self-organize to unblock their flows; Leads ~  coordinates ~  facilitates and/or guides all sprint ceremonies ~  depending on the meeting. These ceremonies include the daily stand-up ~  sprint planning ~  sprint demo ~  sprint retrospective and backlog refinement; Helps the team to develop ~  capture ~  and analyze metrics to facilitate team improvements; Serves as the sprint gatekeeper in the pre-sprint ~  during sprint ~  and post-sprint phases ensuring that all necessary requirements are provided ~  milestone dates are met ~  and continuous feedback is being actioned; Coordinates with other scrum masters and release train engineers/managers to eliminate impediments and ensure the smooth movement of development phases and releases; Assists product owners and project managers in preparing and refining the backlog for Program Increment (large scale planning) as well as iteration/sprint planning; Owns the JIRA & Confluence systems with regards to process flows ~  kanban boards ~  clean-up activities ~  maintenance and organization of documentation ~  transparency and reporting in addition to supporting the research and implementation of tools and plug-ins to improve efficiency., The New York Times, New York | NY, You have some exposure to being a scrum master (1-2 yrs); You have strong interpersonal ~  written ~  verbal and presentation skills; You have demonstrated ability to work across multiple teams; You have demonstrated ability to partner and liaison between business users and a technical development team; You have sensitivity to the multi-cultural characteristics of a global IT organization; You love to learn ~  take feedback well and do not shy away from a challenge.
QA Engineer, Perform manual and automated software quality assurance testing; Ensure that all feature deliverables meet quality objectives; Evaluate use cases and software requirements to create test plans ~  test cases ~  execute test cases ~  document results ~  and record defects; Work with various teams ~  including product managers ~  developers ~  designers ~  and others to understand project goals and testing needs; Coordinate testing within an agile development framework; Work with the product team to help groom stories with a QA mindset; Review production issues to verify if they are defects and handle accordingly., OnlineMedEd, Austin | TX, 3-4 years of QA experience in an agile environment; Strong understanding of agile methodologies; Ability to document steps to reproduce observed defects; Strong written and verbal communication skills; Team player and self-starter attitude with a high level of initiative; Ability to be flexible in a fast-paced and always-changing work environment; Experience maintaining and expanding test suites.
Software Quality Assurance Engineer, Work closely with cross functional sprint teams to qualify and prepare to release Ring products and corresponding companion applications (mobile and web apps); Develop test plans and test cases mapping to product requirements and technical implementations; Prepare and distribute test reports and release readiness reports for stakeholder reviews; Actively contribute to QA support functions - UI and API Automation ~  triage issues ~  troubleshoot issues ~  conduct API tracing ~  and support production release testing., Amazon.com Services LLC, Malvern | PA, Hands on experience working with IDEs - Android studio ~  Xcode ~  and intelli J; Knowledge of wireless connectivity technologies ~  such as wifi ~  Bluetooth ~  ZWave ~  and Zigbee; Experience with QA report management tools - Jira ~  Confluence ~  and Testrail; Experience with production monitoring and deployment tools – Splunk ~  Kibana ~  Datadog ~  and Jenkins; Knowledge of IOT device development or testing ~  specifically Home Security Systems; Knowledge of testing Alexa Skills and Alexa Voice Services; Good communication and interpersonal skills; Strong organizational skills to plan and delivery quality products on time.
Software Engineer, Optimizing application code for high performance on UNIX-type workstations as well as LINUX servers and to ensure efficient use of computing resources in general; Integrating ~  testing ~  and supporting software developed by other centers or development partners; Maintaining the software test environment to support migration activities ~  including auto-builds of stand-alone executables on servers; execution outside of Eclipse environment; and simulation of user operations., Ace Info Solutions ~  Inc., Riverdale Park | MD, Experience with Angular.js ~  Node.js ~  and/or Vue.js; Experience with Jira and Confluence; Experience with Git and GitLab CI/CD; Experience in AGILE development.
Senior Data Engineer, Deliver data solutions and services that support the internal business intelligence team; Partner with internal stakeholders ~  architects ~  engineers ~  data analysts and other technical partners to gather requirements ~  understand existing systems and develop data solution; Collaborate with data analysts to conduct in-depth research to identify data sources ~  issues and propose solutions; Determine the most appropriate data collection and methodologies; Identify ~  retrieve ~  manipulate ~  relate and exploit multiple structured data and unstructured data sets from various sources ~  including building or generating new data sets as appropriate; Integrate operational data platforms and tools including Tableau ~  SNS ~  SQS ~  Redshift ~  Postgres ~  etc.; Leverage subject matter expertise in ERP ~  APIs ~  enterprise application event-streaming ~  and middleware; Collaborate through the Agile methodology to deliver products and key features ~  including the use of Agile tools like Jira and Confluence., The Bernard Group, Chanhassen | MN, Be technically savvy with computer skills ~  including data management software ~  and other computer applications; Must be able to have the mechanical aptitude to comprehend complex instructions and apply that learning to effectively & efficiently analyze and cleanse client data; Make the right call with quality decisions ~  good judgment and keen problem-solving skills in determining better ~  more efficient work flows with the same high-quality standard; Exhibit strong critical thinking skills and be extremely detail-oriented to ensure the highest quality of database cleansing and management is the output; Drive results ~  take initiative and be action-oriented by applying time management and self-management skills every day in order to meet deadlines while maintaining a positive attitude; Be accountable and take ownership of work commitments in meeting clients' expectations and timelines; Collaborate and embrace the "Art of the Team" by working with Sales ~  Design ~  Production and Purchasing teams in order to get the work done on-time and within budget; Have a passion for excellence and drive for quality in all that the team produces; Be empathetic while problem-solving with clients and other team members ~  and stay process-focused when problem-solving.
DevOps / Network Engineer, Supporting our enterprise class security infrastructure and disaster recovery operation including backups ~  Palo Alto NexGen Firewalls ~  F5 BigIPs ~  state of the art colocation facilities and a remote DR site; Automating customer-facing ~  highly-available web applications running on linux servers ~  in containers and using configuration management/containerization tools including Docker ~  Kubernetes ~  and Chef; Work on corporate systems including Active Directory ~  Exchange ~  LDAP ~  Confluence ~  and JIRA; Responsible for designing ~  building ~  and operation of systems to support our customer-facing web applications and the multi terabytes of data that support them., Northern Light, Birmingham | AL, BS or MS in Computer Science ~  Computer Engineering ~  or equivalent technical experience demonstrating strong CS fundamentals; At least 5 years industry experience with 3+ years working in Technical Operations / DevOps / System Administration.
Senior Full Stack Engineer (Digital), Build high-performance ~  web-based applications with React and PHP; Implement HTML layouts in React/JSX based on wireframes; Implement CSS to style components based on style guide and design comps; Build secure ~  scalable APIs using GraphQL; Participate in design of database models; Build application features in a fast-paced environment; Provide code reviews for fellow React and PHP developers., Codazen, Laguna Hills | CA, Minimum of 5+ years experience building web-based software or enterprise-level web sites; Excellent interpersonal and teamwork skills; A passion for creating high quality software and user experience; B.S. in Computer Science or related program at an accredited college or university ~  or equivalent practical experience; An appreciation for the importance to strike a balance between getting code out quickly and following best practices. We move fast ~  but we like to build good software and manage risk carefully; Excellent communicator: comfortable explaining technical problems in person and in writing; Strong sense of responsibility and ownership; you will have come from an environment in which people are responsible for their own code; Deeply understand what drives the business for which you are building software. We firmly believe that what separates a good developer from a great one is a deep understanding of the business that they are supporting; Work with your QA resources to ensure that the software you deliver is of the highest quality; Act as a key member of the product launch team and work closely to DevOps to resolve operational issues; Work on an elite and passionate team to create software that moves our business forward; Evaluate emerging technologies to identify opportunities ~  trends and best practices that can be leveraged to strengthen our platform and development practices; Willingness to take an active role in mentoring other developers.
Software Engineer – iOS and Android ~  IoT, Develop new features or bug fixes for our backend solutions; Work with engineering team on IoT integrations with hardware products; Work with design team on implementing new application designs; Perform unit and functional testing to ensure the quality of your work; Work with the support team to identify and resolve issues; Experiment and create proof of concept prototypes for new features; Develop new features or bug fixes for our mobile apps (iOS ~  Android ~  and Flutter-based)., AutoPets, Auburn Hills | MI, BS in Computer Science or Computer Engineering ~  or equivalent in experience; 2+ years of experience developing for backend services; Familiarity with AWS systems ~  including AWS IoT Core and Lambda; Experience developing APIs; Experience with SQL; Strong communication skills both written and verbal; Ability to work closely with design staff and to implement design direction; Ability to take ideas from concept to prototype; Ability to work in cross-functional teams; Ability to write clean code with an emphasis on maintainability; Familiarity with SOLID principles; The desire to learn constantly and dive into new areas with unfamiliar technologies.
Lead QA Engineer, Ownership of the process around establishing our QA team and best practices to create a culture of developing and shipping a consistently high-quality product; Collaborating with Product Management and Engineering to understand project requirements in order to design test plans that meet our company objectives with respect to reliability ~  usability ~  and performance; Performing acceptance testing during our normal sprint cycles; Identify ~  report ~  and drive bugs to resolution by owning the bug backlog; Continuously improve and streamline our test process ~  establish and maintain good patterns ~  and integrate automated tests into our release pipeline; Advise stakeholders and engineers regarding usability and testability issues; Share knowledge with other engineers to help establish and cultivate our testing culture., Prism.fm, Austin | TX, 3+ years in Quality Assurance role; 1+ years of JavaScript experience; Experience in organizing ~  writing ~  and executing test cases; Experience running tests in CI/CD workflow; Ability to translate use cases and/or technical specifications into test cases; Well-versed in Quality Assurance best practices and methodologies; Knowledgeable of software development methodologies.
Quality Assurance Engineer, Develop a deep understanding of the team's test processes and procedures; Maintain and improve the performance of existing software solutions; Recommend improvements to existing software solutions as necessary; Help implement the appropriate test methodologies for various tools ~  and help create test plans based on development team's test report; Review System/Application/Software Requirements; Perform regression testing on delivered tools when incremental bug fixes are provided by the software developers; Eagerness to grow professionally ~  and willingness to hone your craft., VES LLC, Baltimore | MD, Experience using the Linux terminal to perform tasks such as installing applications ~  managing daemons/accounts ~  and troubleshooting operating system level issues; Ability to manage Linux systems in a virtualized environment; Working knowledge of the Software Testing Life Cycle (STLC); Ability to develop effective software test plans and software test strategy documentation; Familiarity with professional software engineering practices for the full software development life cycle ~  including requirements elicitation ~  coding standards ~  code reviews ~  source control management ~  agile development ~  build processes ~  testing ~  and operations; Ability to work independently as well as in a collaborative environment; Passionate about learning new technologies ~  tools ~  and platforms; Ability to take guidance and execute in a self-motivated manner.
Mobile Software Engineer, Work across multiple projects supporting various software applications focused but not limited to mobile (primarily Android) development; Actively participate in an interdisciplinary scrum team; Conduct design ~  development ~  test ~  and documentation tasks; Utilize Jira ~  Confluence ~  GitLab ~  and other development tools to work with in the team; Support operational deployment to Amazon Web Services (AWS)., SP Global, Chantilly | VA, At least 2 years of software development experience with Android; At least 2 years of software development experience with Java.
QA/QC Engineer, Design ~  implement ~  execute ~  and assess software quality through manual and automated test cases to ensure product quality; Create ~  update ~  and execute interactive tests and create associated reports; Troubleshoot ~  reproduce ~  and log defects as needed; Maintain the system test plan and other related documentation; Perform Static Code Analysis (SCA) and analyze results to contribute towards better code quality; Prepare test metrics and present results in the Retrospective ceremony; Contribute to the decomposition and flow of tickets in an agile project management system., C2S Consulting Group, Reston | VA, Bachelor of Science in Computer Science (or related field) and a minimum of 3 years of related experience ~  or Master’s and 3 years related experience ~  or Doctorate and 3 years; Proficient in Python; Working knowledge of the following Atlassian products: JIRA ~  Confluence ~  Bitbucket and Github; Working knowledge of current software testing methodologies; Working knowledge of Agile software development frameworks (Scrum); Familiarity with Jenkins or other CI/CD tools; Familiarity with Docker or other container orchestration platforms; Top Secret (TS) Clearance.
Software Validation Engineer, Software Verification as well as Validation; Review requirements- review ~  understand and determining the scope of testing required; Understand the test fixtures and work with firmware/hardware development team to build testing hooks for functional and automated testing; Develop test methodologies within framework of SOP’s and FDA guidelines; Write test procedures that are consistent ~  concise ~  detailed and effective; Produce test reports ~  document test results ~  maintain records and assure traceability; Working experience on test management tools (Jira ~  Confluence ~  and Jama); Create automation scripts using test framework to increase automation coverage and reduce cycle execution time., Digital Dhara, Danvers | MA, Bachelor’s or Master’s in Computer Science ~  Biomedical Engineering or related field required; 2+ years of Verification & Validation experience; Experience in python scripting is a must; Fundamental C++ ~  C programming.  Excellent oral ~  written ~  analytical ~  computer and interpersonal skills; Strong technical troubleshooting and problem solving skills; Strong time management skills and ability to triage issues; Prior experience in embedded device software testing a big plus; Medical device experience is a plus; Electrical/Electronic background is a plus.
Innovation Software Engineer, Work with the Innovation Project Manager and Director of Advanced Technologies to estimate times and resources required for achieving milestones. Make recommendations based on analysis; Develop rapid prototypes ~  measure and evaluate against objectives; Perform research and incorporate findings in a fast and iterative process; Design and rapidly iterate next generation projects; Design and implement appropriate testing and evaluation methods and strategies; Work with diverse teams within the company to realize exploratory prototypes; Maintain awareness of technological trends and incorporate appropriate tools and techniques; Perform detailed software designs as well as implement and/or maintain code according to duties and responsibilities; Rely on experience and judgment to plan and accomplish assigned projects; Clearly document and communicate findings and outcomes; Comply with all applicable product development processes; Perform a variety of complicated engineering tasks; Generate detailed software design as well as implement and/or maintain code according to duties and responsibilities; Manage and adhere to schedules ~  deadlines and development goals; Other duties as assigned., PLEXSYS, Orlando | FL, Bachelor’s Degree in Computer Science or equivalent; Two years’ experience with one employer; Two years of professional Object-Oriented software design and implementation experience or one year of PLEXSYS Junior Software Engineer experience; Exposure to a variety of technology tools and programming languages; Passionate about innovation and new technologies ~  preferably with experience working in or with tech startups; Creative approach to problem solving; Ability to work effectively in a dynamic environment with changing needs and requirements; Ability to work independently and in a team ~  take initiative ~  and communicate effectively; Good communication skills with the ability to communicate a complex idea in a simple way; Demonstrated organizational ~  decision-making ~  and communications skills; Demonstrated ability to rapidly learn new technologies; Demonstrated critical thinking skills; Ability to periodically travel as business needs dictate; Ability to obtain a US Security Clearance – Secret.
Integration Engineer, TBD., InterSources Inc, Rockville | MD, Graduate degree or Undergraduate degree in engineering ~  computer science ~  information management or equivalent experience in implementing IT solutions; Proven success in managing complex customer relationships; Excellent analytical abilities and strong communication skills; Familiarity with Project Management tools- MS Project ~  Smart sheet ~  etc.; Experience with various IT project life cycle process. Past experience with Agile methodology preferred; Proven experience working with ~  XML ~  JSON ~  HL7 and other API based integrations; Knowledge of SDK's along with SaaS and client-server architectures; Working knowledge of networking ~  server client architecture ~  familiar with various protocols ~  i.e.; http ~  https ~  TCP/UDP ~  SSH ~  SSL certs; Experience supporting sales activities as technical resource is desirable; Demonstrated work experience in hands on technical project delivery with internal and/or external customers. Covering full project timeline project initiation to project delivery; Demonstrated work experience in documenting processes and technical implementation guides.
Jira and Confluence Administrator, Managing the overall integrated agile environment to meet the ECIS customer needs including leadership ~  oversight ~  implementation and ongoing development of the Jira ~  Confluence ~  Roadmunk and other related agile and software platforms; Providing ongoing assessment ~  analysis and continuous improvement to the agile environment to elevate program effectiveness and efficiencies towards customer and contract goals; Documenting systems ~  processes and decisions within the Jira and agile environment; Hands on experience leading cleanup and refinement initiatives to increase system functionality and usability; Performing application and system administration tasks ~  including backups and scheduled jobs ~  working directly or with other team members; Maintaining and managing projects ~  boards ~  workflows ~  tasks/issues ~  permissions and users including setting permissions and maintaining security for JIRA projects and Confluence spaces; Developing ~  managing ~  facilitating and delivering training on Jira and related agile platforms to ECIS program staff ~  customer and others to continuously advance workflow sophistication ~  efficiencies and effectiveness; Facilitate performance improvement planning ~  scrums ~  sprints etc for multiple projects; Testing new versions of the tools and plug-ins to ensure compatibility ~  rolling out across the program and teams as needed; Advancing JIRA filters ~  reporting ~  dashboards ~  workflows and fields to be more user friendly and visually appealing ~  increasing innovation ~  use and legibility for project managers ~  customer and other stakeholders; Seeking and demonstrating best practices ~  bringing innovation and advancements to the program and customer agile and communication environments; Ensuring documents meet editorial and government specifications and adhere to standards for quality ~  graphics ~  coverage ~  format and style; Overseeing multiple responsibilities within tight deadlines ~  remaining responsible and flexible to customer and team needs while setting priorities and managing expectations., Leidos, Baltimore | MD, Bachelor’s or higher degree in management information systems ~  computer science ~  software development or related discipline; 4 – 8 years of prior relevant experience or Masters with 2 – 6 years of prior relevant experience. Experience may be substituted in lieu of degree; 4+ years of experience as JIRA administrator with proven experience customizing JIRA projects with various schemes to meet complex customer and program project needs; Direct experience with the Atlassian product suite ~  with focus on JIRA and Confluence for project/application administration; Dashboard creation and management; Experience in performing Atlassian installations ~  migrations and plug-in installation critical; Confidence in proposing new ideas ~  using analytical skills ~  presenting to key stakeholders and receiving feedback is important; Experience working on project initiatives and campaigns within an overall program and communications strategy is valuable; Ability to handle multiple projects simultaneously and work flexibly; Attention to detail ~  ability to self-manage ~  check own work and maintain quality; Ability to work within a team and independently ~  working methodically to meet deadlines; Strong written and verbal communication skills critical; Confidence in proposing new ideas ~  using analytical skills ~  presenting to key stakeholders ~  junior and senior staff; Ability to receive and act on feedback; Desire and willingness to train others; Must be able to work additional hours on occasion; Ability to travel locally required and at times regionally or nationally as requested; Ability to obtain a public trust clearance.
Senior Software Engineer, Create custom programs and applications designated by business need; Advocate for appropriate solutions with multiple stakeholders; Write and maintain scalable enterprise quality software; Work closely with Product Management and architects to translate business requirements into scalable ~  highly available tools; Implement Cloud and microservice best practices while adhering to standard architecture patterns; Develop microservice applications to support data management and control ~  implemented using appropriate technologies & frameworks; Drive the adoption of new technologies including containers ~  clustering ~  cloud computing ~  serverless and API; Follow Agile best practices and tools adopted by the team; Configure Development ~  QA and Production environments with proper packages and dependencies to enable implementation ~  working closely with DevOps and QA teams; Participate when needed in 24x7 application support schedule; some overnight/off hours shift-schedule support will be required during on-air rollouts ~  emergencies ~  and special broadcast events; Work with internal development teams to ensure operational needs are being appropriately met; Create custom programs and applications designated by business need; Define and document architecture ~  functional and design requirements; Develop formal technical specifications based upon requirements captured; Help define and participate in software development processes that leverage best practices and support continuous product delivery; Participate in and conduct regular peer design and code reviews; Conform to coding conventions and all aspects of the software development life cycle; Provide software engineering expertise and support to the business per business needs; Coach ~  guide ~  mentor and teach team members with less experience; Other duties as assigned., Foundation Medicine ~  Inc., Boston | MA, Bachelor’s Degree; 5+ years of progressively responsible software engineering experience.
Software Engineer ~  Bitbucket, Designing and developing new software applications ~  features ~  and frameworks; Discover and troubleshoot issues with existing architecture and code; Working with UI developers and designers ~  with product managers for product and application innovation; Polishing and improving existing UX/UI., Atlassian, Mountain View | CA, Programming in Python and Django; Front end technologies such as JavaScript ~  webpack and React; Distributed version control internals (Git ~  Mercurial); Agile development methodologies like XP and Scrum; Schema-based data storage (SQL); Operating systems internals (POSIX UNIX); Networking (IP ~  routing ~  RPC); Encryption and authentication protocols (OAuth ~  SSL).
SaaS Application Support Engineer, Help ensure our customers’ success with the OpenClinica platform by assisting in its implementation ~  providing in-depth assistance to users ~  and channeling your experience into future improvements to the OpenClinica solution; Respond to technical support questions by email and phone while ensuring the company meets its service-level obligations; Troubleshoot issues through proactive customer-facing and internal communication ~  remote access to customer systems ~  research in company knowledge bases ~  and interaction with engineering team; Record issues ~  interactions ~  and outcomes in JIRA Service Desk and Salesforce; contribute to company knowledge base., Open Clinica, Waltham | MA, Prior experience in a software support ~  SQA or similar role; or a strong educational background in computer science; Strong computer literacy ~  including demonstrated understanding of concepts related to modern ~  web-based applications (such as XML ~  HTML ~  Javascript ~  SQL databases ~  web-based Java applications ~  etc.); A knack for problem solving and ability to effectively prioritize and manage numerous competing tasks; Excellent verbal and written communication skills; Strong interpersonal skills and dedication to customer service; Bachelor’s degree (or equivalent).
Software QA Engineer, Develop well documented test plans and strategies for both new development and regression coverage across our entire product suite (web and mobile); Plan and execute integration and acceptance level tests out in the field with real trucks; Develop automated testing programs and processes for traceability ~  regression ~  load ~  and integration tests for various products and internal systems; Work closely with the engineering teams to make QA an integral part of our development process with a large focus on user experience and QoS; Participate in design and product reviews to provide input on requirements ~  technical hurdles and debt ~  and the impacts of testability and risk., Maven Machines, Pittsburgh | PA, BS or higher in Computer Science ~  Computer Engineering ~  Technology Management or related field and experience; 2+ years of experience in a software QA engineering role; Excellent knowledge of software testing strategies and best practices; Software scripting skills (e.g. Python ~  JavaScript ~  Perl) and fundamental understandings of software architectures ~  distributed systems ~  and mobile applications; Ability to triage problems across large ~  complex software systems and make prioritized solutions and recommendations; Excellent written and verbal communication skills; You have an incredible desire to deliver impactful results every day; You’re a resourceful team player that thrives in a fast-paced ~  growing startup environment.
Senior Software Engineer, Participate in and contribute to product design sessions; Write well-designed ~  testable ~  efficient code; Prepare software verification plans and quality assurance procedures; Integrate software components into a fully functional software system; Evaluate and deploy software tools ~  processes and metrics; Provide support and consulting on software systems usage; Ensure compliance with project plans and industry standards; Collaborate daily with other members of our development and support team., MemberTraq, Austin | TX, 5+ years of professional software development experience; Substantial experience developing web applications in Javascript (Node.js) with experience in Meteor.js a plus; Excellent knowledge and experience working with MongoDB; Experience working with Git or other version control system; Experience in designing ~  testing ~  and documenting interactive applications; Experience in documenting requirements and specifications; Close familiarity with software engineering tools ~  software development methodology and release processes; Excellent written and verbal communication skills; Minimum education requirements: BS degree in Computer Science or Engineering ~  or equivalent.
Software Test Engineer, Executing smoke ~  integration ~  regression ~  performance ~  and end user tests on NCEP supported software (e.g. weather.gov ~  api.weather.gov ~  etc.); Integrating ~  testing ~  and supporting software developed by other centers or development partners; Analyzing user stories and use case requirements for validity and feasibility; Applying quality assurance practices throughout the software development cycle; Collaborating with other team members and departments; Detecting and tracking software defects and inconsistencies using JIRA; Creating ~  editing ~  and maintaining test documentation on Confluence., Ace Info Solutions ~  Inc., College Park | MD, 4+ years of software analysis and testing experience; Experience with automation testing tools (Ex: Selenium ~  Browser Stack ~  etc); Experience testing applications which utilize an Application Programming Interface (API); Experience testing client-side application; Experience working with scientific data sets OR large ~  complex datasets; Experience with change management and version control systems ~  such as Git and Redmine; Strong analytical and problem solving skills; Ability to effectively communicate technical information and work status accurately and reliably to project leads and managers.
AWS DevOps Engineer, You will work hand-in-hand with development teams to implement automation solutions using technologies like Amazon Web Services (AWS) ~  Ansible ~  Jenkins ~  Kubernetes ~  ECS ~  and Terraform to automatically build ~  test ~  integrate ~  and deploy complex ~  modern systems; You will leverage the full power of the cloud to configure highly resilient and scalable applications that support zero downtime., SemanticBits LLC, Herndon | VA, Solid hands-on working experience with configuring and maintaining resources on AWS; Hands-on understanding of Docker. Be able to write Dockerfiles. Experience with Docker Compose is a plus; Familiar with at least one container orchestration platform. ECS or Kubernetes is preferred. Have an understanding and experience of both deploying and maintaining these systems; Experience with production deployments using Jenkins. Strong knowledge of Terraform (preferred) and/or CloudFormation; Knowledge of scripting or programming – Bash ~  Powershell; Knowledge of a configuration management tool ~  such as Ansible; Deep ~  hands-on experience with Linux and administration; Expertise with cloud security ~  understand the principle of least privilege. Be experienced with securing S3 buckets and IAM configurations. Understand security groups and access controls; Experience with and a strong understanding of secret management along with the practice of good security hygiene; Understand how web applications work and the common tools around them; Understand the 12 factor app; Knowledge of networking fundamentals is appreciated.
Principal Backend Software Engineer ~  Confluence, You will have a direct impact to the customer experience through the design and implementation of new features and functionalities in Confluence; You'll work as part of a small but rapidly growing high-energy team delivering incredible ~  creative improvements our product; You'll collaborate with other developers to write the best code for the project and deliver amazing results that our users love., Atlassian, Mountain View | CA, Specialization in Java; Knowledge of the principles to construct fault-tolerance ~  reliability and durability software systems; Knowledge to evaluate trade-offs between correctness ~  robustness ~  performance ~  space and time; Understanding of SaaS ~  PaaS ~  IaaS industry with hands-on experience with public cloud offerings (e.g. ~  AWS ~  GAE ~  Azure).
Backend Software Engineer ~  Confluence, You will have a direct impact to the customer experience through the design and implementation of new features and functionalities in Confluence; You'll work as part of a rapidly growing high-energy team delivering incredible ~  creative improvements our product; You'll collaborate with other developers to write the best code for the project and deliver amazing results that our users love., Atlassian, Mountain View | CA, Proficiency in any modern object-oriented programming language (e.g. ~  Java ~  Scala ~  Python ~  Javascript ~  etc.); Knowledge of the principles to construct fault-tolerance ~  reliable and durable software systems; Knowledge to evaluate trade-offs between correctness ~  robustness ~  performance ~  space and time; Real passion for collaboration and strong interpersonal and communication skills; Broad knowledge and understanding of SaaS ~  PaaS ~  IaaS industry with hands-on experience of public cloud offerings (AWS ~  GAE ~  Azure); Familiarity with cloud architecture patterns and an engineering discipline to produce software with quality; Bachelor's degree in Engineering ~  Computer Science ~  or equivalent.
